{"lr_step": 320, "n_epochs": 10, "train_size": 4096, "base_lr": 0.0005118187942932168, "momentum": 0.9, "weight_decay": 0.0023705486977470794, "gamma": 0.1}