{"lr_step": 160, "n_epochs": 1, "train_size": 4096, "base_lr": 3.679275385198837, "momentum": 0.9, "weight_decay": 0.09766941548694066, "gamma": 0.1}