{"lr_step": 320, "n_epochs": 5, "train_size": 4096, "base_lr": 0.0017800457497664922, "momentum": 0.9, "weight_decay": 0.15977746191747422, "gamma": 0.1}