{"lr_step": 969.8764066739188, "snapshot_prefix": "finetune/search/alex.snap.lr_step-969.876406674.n_epochs-40.train_size-8192.base_lr-0.00117582497331.momentum-0.9.weight_decay-0.0111360906556.gamma-0.1.", "snapshot_iters": 1280, "n_epochs": 40, "train_size": 8192, "base_lr": 0.0011758249733094365, "momentum": 0.9, "weight_decay": 0.011136090655649692, "gamma": 0.1}