{"lr_step": 160, "n_epochs": 1, "train_size": 4096, "base_lr": 0.006137491753358487, "momentum": 0.5, "weight_decay": 0.05606170567945541, "gamma": 0.1}