{"lr_step": 640, "n_epochs": 1, "train_size": 4096, "base_lr": 3.679275385198837, "momentum": 0.99, "weight_decay": 0.5706543431690592, "gamma": 0.1}