{"lr_step": 80, "n_epochs": 1, "train_size": 4096, "base_lr": 1.364234943409404e-06, "momentum": 0.5, "weight_decay": 0.0017199010051711246, "gamma": 0.1}