{"lr_step": 320, "n_epochs": 5, "train_size": 4096, "base_lr": 0.004157626033358791, "momentum": 0.9, "weight_decay": 0.0012418741132024511, "gamma": 0.1}