{"lr_step": 320, "n_epochs": 1, "train_size": 4096, "base_lr": 3.679275385198837, "momentum": 0.9, "weight_decay": 0.009537077060966341, "gamma": 0.1}