{"lr_step": 789.8386553350765, "snapshot_prefix": "finetune/search/alex.snap.lr_step-789.838655335.n_epochs-40.train_size-8192.base_lr-0.00185502041599.momentum-0.9.weight_decay-0.00685698417488.gamma-0.1.", "snapshot_iters": 1280, "n_epochs": 40, "train_size": 8192, "base_lr": 0.001855020415991146, "momentum": 0.9, "weight_decay": 0.006856984174879822, "gamma": 0.1}