{"lr_step": 160, "n_epochs": 1, "train_size": 4096, "base_lr": 1.364234943409404e-06, "momentum": 0.5, "weight_decay": 0.0014748263978713529, "gamma": 0.1}