{"lr_step": 320, "n_epochs": 10, "train_size": 4096, "base_lr": 0.0003298132970791067, "momentum": 0.9, "weight_decay": 0.010374968876357414, "gamma": 0.1}