{"lr_step": 312.8818214247505, "snapshot_prefix": "finetune/search/alex.snap.lr_step-312.881821425.n_epochs-40.train_size-8192.base_lr-0.000428073787854.momentum-0.9.weight_decay-0.0135727096091.gamma-0.1.", "snapshot_iters": 1280, "n_epochs": 40, "train_size": 8192, "base_lr": 0.00042807378785411225, "momentum": 0.9, "weight_decay": 0.0135727096090874, "gamma": 0.1}