{"lr_step": 640, "n_epochs": 1, "train_size": 4096, "base_lr": 0.006137491753358487, "momentum": 0.5, "weight_decay": 5.276486206034135, "gamma": 0.1}