{"lr_step": 200, "snapshot_prefix": "finetune/search/alex.snap.lr_step-200.n_epochs-60.train_size-10240.base_lr-0.001417331081.momentum-0.5.weight_decay-0.135449244566.gamma-0.1.", "snapshot_iters": 2400, "n_epochs": 60, "train_size": 10240, "base_lr": 0.0014173310810028442, "momentum": 0.5, "weight_decay": 0.13544924456611088, "gamma": 0.1}