{"lr_step": 160, "n_epochs": 1, "train_size": 4096, "base_lr": 3.679275385198837, "momentum": 0.99, "weight_decay": 1.5283759385863644, "gamma": 0.1}